{
  "metrics": {
    "auroc": 0.7682468677283733,
    "auprc": 0.06684885845754694
  },
  "patient_level_metrics": {
    "auroc": 0.7974021368089729,
    "auprc": 0.3070271921129538
  },
  "brier_score": 0.017366601733694146,
  "brier_score_raw": 0.01791625712052038,
  "best_threshold": 0.1,
  "utility_score": 0.0478766834029377,
  "utility_kind": "official",
  "alert_k": 1,
  "official_utility": 0.0478766834029377,
  "custom_utility": -0.11550000000000003,
  "accuracy": 0.9775951041153437,
  "f_measure": 0.07692307692307693,
  "early_warning": {
    "early_detection_rate": 0.1232876712328767,
    "false_alert_rate": 0.009708737864077669,
    "median_lead_time_hours": 74.0
  },
  "alert_burden": {
    "alerts_per_patient_day": 0.15061068900241173,
    "alerts_per_nonsepsis_patient_day": 0.05158858690851273,
    "mean_alerts_per_patient": 0.242
  },
  "feature_set": "basic",
  "max_patients": null,
  "patient_normalize": false,
  "calibration": {
    "method": "sigmoid",
    "patients": 200,
    "fraction": 0.1,
    "max_patients": 200
  }
}