{
  "missingness": {
    "additional_missingness_percent": [
      0.0,
      10.0,
      20.0,
      30.0
    ],
    "auroc": [
      0.8469531472177367,
      0.8443163079333936,
      0.8473532258141844,
      0.8413979544072112
    ]
  },
  "documentation_delay": {
    "delay_hours": [
      0.0,
      1.0,
      2.0,
      3.0
    ],
    "auroc": [
      0.8469531472177367,
      0.8466295875292216,
      0.8496582294963001,
      0.8493958164438106
    ]
  }
}