{
  "iteration_seeds": [
    66316748,
    2930678936,
    2546691362,
    231159514,
    3904498325,
    946438445,
    1095601156,
    791870896,
    1432871125,
    755510091
  ],
  "metrics_samples": {
    "auroc": [
      0.841259265368768,
      0.8526130466923725,
      0.8480503788971269,
      0.8492062055763954,
      0.895099900033991,
      0.8196637630750576,
      0.8225906936109879,
      0.864250299333628,
      0.842088966153678,
      0.8537190011865886
    ],
    "auprc": [
      0.11660774560796988,
      0.10188415735051293,
      0.10975480193732562,
      0.14424677999757266,
      0.17270556048958982,
      0.09480788670130558,
      0.10247961489301032,
      0.09806338478855865,
      0.14212976522673912,
      0.10935286353968912
    ],
    "official_utility": [
      0.11339363367542189,
      0.09302536231884066,
      0.12070807179826008,
      0.1390898964478733,
      0.17382265838220778,
      0.09388906632598748,
      0.13834887613582011,
      0.08757135443694851,
      0.187182376253011,
      0.0794691413461057
    ],
    "early_detection_rate": [
      0.22784810126582278,
      0.2641509433962264,
      0.1935483870967742,
      0.2619047619047619,
      0.3103448275862069,
      0.19047619047619047,
      0.2413793103448276,
      0.26865671641791045,
      0.23333333333333334,
      0.15942028985507245
    ],
    "false_alert_rate": [
      0.019543973941368076,
      0.024287222808870117,
      0.023454157782515993,
      0.016375545851528384,
      0.01910828025477707,
      0.022411953041622197,
      0.03503184713375796,
      0.023579849946409433,
      0.017582417582417582,
      0.02040816326530612
    ],
    "alerts_per_patient_day": [
      0.3911398153287254,
      0.26721675658521143,
      0.4058338617628411,
      0.4517341710224783,
      0.45167698067079226,
      0.26321410894313185,
      0.4435938442178123,
      0.36844457296075234,
      0.6577274427052735,
      0.27047774601878344
    ]
  },
  "completed": 10,
  "max_patients": 40336,
  "feature_set": "enhanced",
  "alert_k": 1,
  "fixed_threshold": 0.1,
  "calibration": {
    "method": "sigmoid",
    "fraction": 0.1,
    "max_patients": 200
  }
}