{
  "auroc": {
    "mean": 0.9726657312736351,
    "ci_low": 0.9514498389641084,
    "ci_high": 0.9864364275100255
  },
  "auprc": {
    "mean": 0.6987044941425347,
    "ci_low": 0.6168228972306768,
    "ci_high": 0.7806105912094699
  },
  "official_utility": {
    "mean": 0.765927575345095,
    "ci_low": 0.6824237853976477,
    "ci_high": 0.8365454806408146
  },
  "early_detection_rate": {
    "mean": 0.8350860153147588,
    "ci_low": 0.7511479591836735,
    "ci_high": 0.9161309523809523
  },
  "false_alert_rate": {
    "mean": 0.05969606361794069,
    "ci_low": 0.03966413488472312,
    "ci_high": 0.0783810618729097
  },
  "alerts_per_patient_day": {
    "mean": 1.4245999344950249,
    "ci_low": 1.0209188407647072,
    "ci_high": 1.8269753108179057
  },
  "n_bootstrap": 50,
  "max_patients": 2000,
  "calibration": {
    "method": "sigmoid",
    "fraction": 0.1,
    "max_patients": 200
  }
}